lgbm,catboost,xgboost,pearson,rmse,mae
0.0,0.5,0.5,0.11344375527956105,1.0373277945562838,0.6968762718505997
