lgbm,catboost,xgboost,pearson,rmse,mae
0.2,0.6000000000000001,0.19999999999999996,0.10883179086605568,1.037954421070093,0.6969382423346064
