feature_group,count,mean,median,max
anonymous_x,780,0.021584027347183652,0.016725594008827192,0.09042828637775713
derived_market,7,0.012570978701461233,0.007048578578922156,0.028273911683546385
public_market,5,0.021877538757690516,0.026570686753680302,0.028273911502313242
