split,count,mean,std,min,max,q01,q50,q99,pct_abs_gt_1,pct_abs_gt_3
full,525886,0.03612583479774675,1.009913555464413,-24.416614532470703,20.740270614624023,-2.765706467628479,0.016260690987110138,3.1077271819114776,0.18363485622359219,0.019118211931863558
train_80pct,420709,0.02564332220449063,1.0021856400501978,-24.416614532470703,20.740270614624023,-2.8084643268585205,0.012176700867712498,3.040948753356929,0.17561544915844443,0.01888241040719357
holdout_20pct,105177,0.07805598483621703,1.0391944938721343,-11.447980880737305,10.128518104553223,-2.604419708251953,0.036082156002521515,3.3516189956665055,0.2157125607309583,0.020061420272493035
