{
  "ridge_weight": 0.5,
  "lgbm_weight": 0.5,
  "ridge_features": 792,
  "lgbm_features": 792,
  "lgbm_params_file": "outputs/experiments/lgbm_best_params.json",
  "generated_at": "2026-07-04T00:33:48",
  "holdout_blend": {
    "pearson": 0.09952350773663782,
    "rmse": 1.080206666358552,
    "mae": 0.7439646183280314
  },
  "holdout_ridge": {
    "pearson": 0.09139231364387632,
    "rmse": 1.2273329589743394,
    "mae": 0.8679731079059535
  },
  "holdout_lgbm": {
    "pearson": 0.10235862829968674,
    "rmse": 1.0391435114885461,
    "mae": 0.6984824662618114
  }
}