group,definition,sample_count,sample_ratio,abs_label_min,abs_label_max,label_mean,label_std,label_min,label_max,abs_label_q80_threshold,abs_label_q95_threshold
普通波动,abs(label) <= 1.04688866138,84141,0.7999942953307282,4.655245720641688e-05,1.0468775033950806,0.013515187169144393,0.4984709705030762,-1.0468775033950806,1.046808123588562,1.0468886613845825,2.0864089012145994
中等波动,1.04688866138 < abs(label) <= 2.08640890121,15777,0.15000427850195386,1.046891450881958,2.0864081382751465,0.21068785525610476,1.4273526376926777,-2.0862748622894287,2.0864081382751465,1.0468886613845825,2.0864089012145994
异常波动,abs(label) > 2.08640890121,5259,0.05000142616731795,2.086411952972412,11.447980880737305,0.7127763189093471,3.3148394575364604,-11.447980880737305,10.128518104553224,1.0468886613845825,2.0864089012145994
