{
  "best_window": "3mo",
  "best_preset": "baseline",
  "best_params": {
    "num_leaves": 31,
    "min_data_in_leaf": 500,
    "lambda_l1": 0.0,
    "lambda_l2": 50.0,
    "feature_fraction": 0.7
  },
  "purged_cv_mean": 0.1041751418622224,
  "purged_cv_std": 0.0877818452569879,
  "forward_valid": {
    "pearson": 0.2713236523273115,
    "rmse": 1.1319351910699993,
    "mae": 0.7683188860996388
  },
  "pre_window_reference": {
    "pearson": 0.02074578716242798,
    "rmse": 0.9505487035346188,
    "mae": 0.6680825892505428
  },
  "feature_count": 848
}